{
    "uvs":[],
    "vertices":[-0.06,-0.06,0,0.06,-0.06,0,-0.06,0.06,-0,0.06,0.06,-0,-0.05,0.05,0.0375,-0.05,-0.05,0.0375,0.05,-0.05,0.0375,0.05,0.05,0.0375,-0.02,-0.06,0,-0.019167,-0.046,0.1875,0.02,0.06,-0,-0.02,0.06,-0,-0.016667,-0.05,0.0375,0.016667,-0.05,0.0375,0.008333,-0.008333,0.1875,-0.046,-0.019167,0.1875,-0.06,-0.02,0,0.06,-0.02,0,-0.046,0.019167,0.1875,-0.008333,0.008333,0.1875,0.05,-0.016667,0.0375,0.05,0.016667,0.0375,-0.016667,-0.016667,0.0375,-0.016667,0.016667,0.0375,0.016667,-0.016667,0.0375,0.016667,0.016667,0.0375,-0.02,0.02,-0,-0.02,-0.02,0,0.02,0.02,-0,0.02,-0.02,0,-0.019167,0.046,0.1875,0.02,-0.06,0,0.019167,0.046,0.1875,0.019167,-0.046,0.1875,0.016667,0.05,0.0375,-0.016667,0.05,0.0375,-0.06,0.02,-0,0.046,0.019167,0.1875,0.046,-0.019167,0.1875,0.06,0.02,-0,-0.05,0.016667,0.0375,-0.05,-0.016667,0.0375,-0.02,-0.048,0,0.02,-0.048,0,0.016667,-0.04,0.0375,-0.016667,-0.04,0.0375,0.02,0.048,-0,-0.02,0.048,-0,-0.016667,0.04,0.0375,0.016667,0.04,0.0375,-0.048,0.02,-0,-0.048,-0.02,0,-0.04,-0.016667,0.0375,-0.04,0.016667,0.0375,0.048,-0.02,0,0.048,0.02,-0,0.04,0.016667,0.0375,0.04,-0.016667,0.0375,0.008333,0.008333,0.1875,0.05,0.016667,0.1875,0.05,0.05,0.1875,0.016667,0.05,0.1875,-0.05,0.016667,0.1875,-0.016667,0.05,0.1875,-0.05,0.05,0.1875,-0.05,-0.05,0.1875,-0.016667,-0.05,0.1875,-0.05,-0.016667,0.1875,0.016667,-0.05,0.1875,0.05,-0.05,0.1875,0.05,-0.016667,0.1875,-0.016667,-0.016667,0.3375,-0.016667,0.016667,0.3375,0.016667,-0.016667,0.3375,0.016667,0.016667,0.3375,-0.016667,0.016667,0.275,0.016667,0.016667,0.275,0.016667,-0.016667,0.275,-0.016667,-0.016667,0.275,-0.033333,0.033333,0.30625,-0.033333,-0.033333,0.30625,0.033333,0.033333,0.30625,0.033333,-0.033333,0.30625,-0.033333,0.033333,0.31625,-0.033333,-0.033333,0.31625,0.033333,0.033333,0.31625,0.033333,-0.033333,0.31625,0.0375,0.0125,0.2,0.05,0.05,0.2125,0.0125,0.0375,0.2,-0.0375,0.0125,0.2,-0.0125,0.0375,0.2,-0.05,0.05,0.2125,-0.05,-0.05,0.2125,-0.0125,-0.0375,0.2,-0.008333,-0.008333,0.1875,-0.0375,-0.0125,0.2,0.0125,-0.0375,0.2,0.05,-0.05,0.2125,0.0375,-0.0125,0.2],
    "faces":[33,0,8,12,5,0,1,2,3,33,27,26,28,29,4,4,4,4,33,0,16,27,8,0,5,4,1,33,81,79,72,74,6,7,8,9,33,1,17,20,6,10,11,12,13,33,57,38,14,24,14,15,16,17,33,16,0,5,41,5,0,3,18,33,24,14,33,44,17,16,19,20,33,44,33,9,45,20,19,21,22,33,39,3,7,21,23,24,25,26,33,42,43,44,45,27,28,20,22,33,28,10,3,39,4,29,24,23,33,46,47,48,49,30,31,32,33,33,52,15,18,53,34,35,36,37,33,50,51,52,53,38,39,34,37,33,53,18,19,23,37,36,40,41,33,36,50,53,40,42,38,37,43,33,54,55,56,57,44,45,46,14,33,21,59,58,25,26,47,48,49,33,7,60,59,21,25,50,47,26,33,48,30,32,49,32,51,52,33,33,12,66,65,5,2,53,54,3,33,56,37,38,57,46,55,15,14,33,6,69,68,13,13,56,57,58,33,20,70,69,6,12,59,56,13,33,13,44,43,31,58,20,28,60,33,11,2,4,35,61,62,63,64,33,31,1,6,13,60,10,13,58,33,3,10,34,7,24,29,65,25,33,36,2,11,26,42,62,61,4,32,28,39,55,4,23,45,32,54,17,29,44,11,4,32,28,55,54,4,45,44,32,54,29,28,44,4,4,33,2,36,40,4,62,42,43,63,32,27,16,51,4,5,39,32,50,36,26,38,42,4,32,27,51,50,4,39,38,32,50,26,27,38,4,4,33,31,29,17,1,60,4,11,10,32,26,11,47,4,61,31,32,46,10,28,30,29,4,32,26,47,46,4,31,30,32,46,28,26,30,4,4,33,23,19,30,48,41,40,51,32,32,29,31,43,4,60,28,32,42,8,27,27,1,4,32,29,43,42,4,28,27,32,42,27,29,27,4,4,33,8,42,45,12,1,27,22,2,33,35,48,47,11,64,32,31,61,33,10,46,49,34,29,30,33,65,33,41,52,51,16,18,34,39,5,33,21,56,55,39,26,46,45,23,33,17,54,57,20,11,44,14,12,33,34,61,60,7,65,66,50,25,33,25,58,61,34,49,48,66,65,33,4,64,63,35,63,67,68,64,33,40,62,64,4,43,69,67,63,33,5,65,67,41,3,54,70,18,33,71,73,74,72,71,72,9,8,33,82,81,74,73,73,6,9,72,33,79,80,71,72,7,74,71,8,33,80,82,73,71,74,73,72,71,33,22,24,77,78,75,17,76,77,33,23,22,78,75,41,75,77,78,33,24,25,76,77,17,49,79,76,33,25,23,75,76,49,41,78,79,33,78,77,82,80,77,76,73,74,33,75,78,80,79,78,77,74,7,33,77,76,81,82,76,79,6,73,33,76,75,79,81,79,78,7,6,33,80,82,86,84,74,73,73,74,33,81,79,83,85,6,7,7,6,33,79,80,84,83,7,74,74,7,33,82,81,85,86,73,6,6,73,33,60,88,87,59,50,80,81,47,33,61,89,88,60,66,82,80,50,33,64,92,91,63,67,83,84,68,33,62,90,92,64,69,85,83,67,33,93,94,95,96,86,87,88,89,33,66,94,93,65,53,87,86,54,33,65,93,96,67,54,86,89,70,33,69,98,97,68,56,90,91,57,33,70,99,98,69,59,92,90,56,33,58,14,38,37,48,16,15,55,33,24,14,58,25,17,16,48,49,33,19,58,32,30,40,48,52,51,33,25,58,19,23,49,48,40,41,33,49,32,58,25,33,52,48,49,33,45,9,95,22,22,21,88,75,33,22,95,14,24,75,88,16,17,33,14,95,9,33,16,88,21,19,33,25,58,37,56,49,48,55,46,33,22,95,66,12,75,88,53,2,33,24,14,70,20,17,16,59,12,33,13,68,14,24,58,57,16,17,33,95,19,18,15,88,40,36,35,33,23,19,95,22,41,40,88,75,33,23,19,62,40,41,40,69,43,33,35,63,19,23,64,68,40,41,33,41,67,95,22,18,70,88,75,33,22,95,15,52,75,88,35,34,33,58,87,88,89,48,81,80,82,32,59,87,58,47,81,48,32,58,89,61,48,82,66,33,90,19,91,92,85,40,84,83,32,19,90,62,40,85,69,32,63,91,19,68,84,40,32,95,94,66,88,87,53,32,67,96,95,70,89,88,33,97,98,99,14,91,90,92,16,32,14,99,70,16,92,59,32,68,97,14,57,91,16],
    "name":"Plane.001Geometry.3",
    "metadata":{
        "type":"Geometry",
        "uvs":0,
        "vertices":100,
        "faces":114,
        "generator":"io_three",
        "version":3,
        "normals":93
    },
    "normals":[-0.633778,-0.633778,-0.443342,0.53972,-0.661428,-0.520737,0.728233,-0.684164,0.039155,-0.693442,-0.693442,0.195502,0,-0,-1,-0.661428,0.53972,-0.520737,0.707083,0.707083,0,-0.707083,0.707083,0,-0.414838,0.414838,0.809809,0.414838,0.414838,0.809809,0.633778,-0.633778,-0.443342,0.661428,0.53972,-0.520737,0.684164,0.728233,0.039155,0.693442,-0.693442,0.195502,0.994812,-0.078066,0.06476,0.548631,-0.641743,0.535844,-0.424604,0.424604,0.799615,-0.295816,0.295816,-0.908261,-0.684164,0.728233,0.039155,0.641743,-0.548631,0.535844,0.078066,-0.994812,0.06476,-0.641743,-0.548631,0.535844,-0.078066,-0.994812,0.06476,0.661428,-0.53972,-0.520737,0.633778,0.633778,-0.443342,0.693442,0.693442,0.195502,0.684164,-0.728233,0.039155,0.657918,-0.53853,-0.526414,-0.657918,-0.53853,-0.526414,-0.53972,0.661428,-0.520737,-0.657918,0.53853,-0.526414,0.657918,0.53853,-0.526414,-0.078066,0.994812,0.06476,0.078066,0.994812,0.06476,-0.994812,-0.078066,0.06476,-0.548631,-0.641743,0.535844,-0.548631,0.641743,0.535844,-0.994812,0.078066,0.06476,-0.53853,-0.657918,-0.526414,-0.53853,0.657918,-0.526414,0.424604,-0.424604,0.799615,0.295816,-0.295816,-0.908261,-0.661428,-0.53972,-0.520737,-0.684164,-0.728233,0.039155,0.53853,0.657918,-0.526414,0.53853,-0.657918,-0.526414,0.994812,0.078066,0.06476,0.795709,-0.599719,0.084475,-0.424604,-0.424604,0.799615,-0.295816,-0.295816,-0.908261,0.688131,0.688131,0.230049,-0.641743,0.548631,0.535844,0.641743,0.548631,0.535844,0.599719,-0.795709,0.084475,-0.688131,-0.688131,0.230049,0.548631,0.641743,0.535844,0.688131,-0.688131,0.230049,-0.599719,-0.795709,0.084475,-0.728233,-0.684164,0.039155,0.795709,0.599719,0.084475,-0.53972,-0.661428,-0.520737,0.53972,0.661428,-0.520737,-0.633778,0.633778,-0.443342,-0.693442,0.693442,0.195502,0.728233,0.684164,0.039155,-0.728233,0.684164,0.039155,-0.599719,0.795709,0.084475,-0.688131,0.688131,0.230049,0.599719,0.795709,0.084475,-0.795709,-0.599719,0.084475,-0.795709,0.599719,0.084475,-0.414838,-0.414838,0.809809,0.414838,-0.414838,0.809809,0.707083,-0.707083,0,-0.707083,-0.707083,0,0.295816,0.295816,-0.908261,0.656514,-0.656514,-0.37141,-0.656514,-0.656514,-0.37141,-0.656514,0.656514,-0.37141,0.656514,0.656514,-0.37141,0.368816,0.368816,0.853175,0.294687,-0.766778,0.570208,-0.766778,0.294687,0.570208,-0.368816,0.368816,0.853175,0.766778,0.294687,0.570208,-0.294687,-0.766778,0.570208,-0.368816,-0.368816,0.853175,0.766778,-0.294687,0.570208,0.424604,0.424604,0.799615,-0.294687,0.766778,0.570208,0.368816,-0.368816,0.853175,-0.766778,-0.294687,0.570208,0.294687,0.766778,0.570208]
}